id,rank,chains_model,mean_plddt,max_pae,ptm,iptm,composite_ptm,native_pdb,chains_native,dockq,irmsd,lrsd,fnat
Beta_endorphin-mu_opioid,1,AB,0.0,0.0,0.838,0.779,0.791,8F7Q,PR,0.426,2.083,5.693,0.246
Beta_endorphin-mu_opioid,2,AB,0.0,0.0,0.837,0.779,0.791,8F7Q,PR,0.537,2.02,6.243,0.607
Beta_endorphin-mu_opioid,3,AB,0.0,0.0,0.838,0.778,0.79,8F7Q,PR,0.428,2.242,6.491,0.344
Beta_endorphin-mu_opioid,4,AB,0.0,0.0,0.837,0.777,0.789,8F7Q,PR,0.41,2.296,6.65,0.311
Beta_endorphin-mu_opioid,5,AB,0.0,0.0,0.837,0.777,0.789,8F7Q,PR,0.423,2.183,6.178,0.295
DAMGO-mu_opioid,1,AB,0.0,0.0,0.843,0.779,0.792,6DDE,DR,0.678,1.268,4.782,0.692
DAMGO-mu_opioid,2,AB,0.0,0.0,0.843,0.779,0.792,6DDE,DR,0.657,1.29,4.875,0.643
DAMGO-mu_opioid,3,AB,0.0,0.0,0.842,0.779,0.791,6DDE,DR,0.732,1.062,4.787,0.769
DAMGO-mu_opioid,4,AB,0.0,0.0,0.842,0.778,0.791,6DDE,DR,0.727,1.0,4.854,0.733
DAMGO-mu_opioid,5,AB,0.0,0.0,0.842,0.778,0.791,6DDE,DR,0.715,1.049,4.792,0.714
DAMGO-mu_opioid,1,AB,0.0,0.0,0.843,0.779,0.792,6DDF,DR,0.657,1.29,5.517,0.692
DAMGO-mu_opioid,2,AB,0.0,0.0,0.843,0.779,0.792,6DDF,DR,0.639,1.291,5.58,0.643
DAMGO-mu_opioid,3,AB,0.0,0.0,0.842,0.779,0.791,6DDF,DR,0.708,1.117,5.401,0.769
DAMGO-mu_opioid,4,AB,0.0,0.0,0.842,0.778,0.791,6DDF,DR,0.685,1.044,5.376,0.667
DAMGO-mu_opioid,5,AB,0.0,0.0,0.842,0.778,0.791,6DDF,DR,0.672,1.073,5.395,0.643
DAMGO-mu_opioid,1,AB,0.0,0.0,0.843,0.779,0.792,8EFQ,PR,0.604,1.26,4.715,0.462
DAMGO-mu_opioid,2,AB,0.0,0.0,0.843,0.779,0.792,8EFQ,PR,0.611,1.272,4.878,0.5
DAMGO-mu_opioid,3,AB,0.0,0.0,0.842,0.779,0.791,8EFQ,PR,0.667,1.01,4.571,0.538
DAMGO-mu_opioid,4,AB,0.0,0.0,0.842,0.778,0.791,8EFQ,PR,0.69,0.973,4.698,0.6
DAMGO-mu_opioid,5,AB,0.0,0.0,0.842,0.778,0.791,8EFQ,PR,0.673,1.025,4.69,0.571
DAMGO-mu_opioid,1,AB,0.0,0.0,0.843,0.779,0.792,8K9K,SR,0.615,1.132,3.923,0.385
DAMGO-mu_opioid,2,AB,0.0,0.0,0.843,0.779,0.792,8K9K,SR,0.622,1.165,4.087,0.429
DAMGO-mu_opioid,3,AB,0.0,0.0,0.842,0.779,0.791,8K9K,SR,0.641,0.943,3.975,0.385
DAMGO-mu_opioid,4,AB,0.0,0.0,0.842,0.778,0.791,8K9K,SR,0.679,0.853,4.056,0.467
DAMGO-mu_opioid,5,AB,0.0,0.0,0.842,0.778,0.791,8K9K,SR,0.687,0.889,3.972,0.5
DAMGO-mu_opioid,1,AB,0.0,0.0,0.843,0.779,0.792,8K9L,SR,0.632,1.234,4.742,0.538
DAMGO-mu_opioid,2,AB,0.0,0.0,0.843,0.779,0.792,8K9L,SR,0.641,1.247,4.769,0.571
DAMGO-mu_opioid,3,AB,0.0,0.0,0.842,0.779,0.791,8K9L,SR,0.675,0.968,4.516,0.538
DAMGO-mu_opioid,4,AB,0.0,0.0,0.842,0.778,0.791,8K9L,SR,0.683,0.903,4.472,0.533
DAMGO-mu_opioid,5,AB,0.0,0.0,0.842,0.778,0.791,8K9L,SR,0.685,0.963,4.575,0.571
Dynorphin_long-kappa_opioid,1,AB,0.0,0.0,0.868,0.815,0.825,7Y1F,FR,0.656,1.823,2.515,0.645
Dynorphin_long-kappa_opioid,2,AB,0.0,0.0,0.869,0.813,0.824,7Y1F,FR,0.628,1.857,2.957,0.597
Dynorphin_long-kappa_opioid,3,AB,0.0,0.0,0.869,0.813,0.824,7Y1F,FR,0.726,1.134,3.125,0.66
Dynorphin_long-kappa_opioid,4,AB,0.0,0.0,0.869,0.812,0.824,7Y1F,FR,0.762,1.129,3.094,0.766
Dynorphin_long-kappa_opioid,5,AB,0.0,0.0,0.868,0.812,0.823,7Y1F,FR,0.729,1.111,2.784,0.638
Dynorphin_long-kappa_opioid,1,AB,0.0,0.0,0.868,0.815,0.825,8F7W,PR,0.596,1.873,3.591,0.548
Dynorphin_long-kappa_opioid,2,AB,0.0,0.0,0.869,0.813,0.824,8F7W,PR,0.651,1.686,3.091,0.629
Dynorphin_long-kappa_opioid,3,AB,0.0,0.0,0.869,0.813,0.824,8F7W,PR,0.618,1.828,2.798,0.548
Dynorphin_long-kappa_opioid,4,AB,0.0,0.0,0.869,0.812,0.824,8F7W,PR,0.819,1.015,1.657,0.809
Dynorphin_long-kappa_opioid,5,AB,0.0,0.0,0.868,0.812,0.823,8F7W,PR,0.734,1.213,2.912,0.702
Dynorphin_short-kappa_opioid,1,AB,0.0,0.0,0.868,0.811,0.823,7Y1F,FR,0.544,1.809,4.193,0.419
Dynorphin_short-kappa_opioid,2,AB,0.0,0.0,0.869,0.811,0.822,7Y1F,FR,0.608,1.817,2.795,0.516
Dynorphin_short-kappa_opioid,3,AB,0.0,0.0,0.869,0.811,0.822,7Y1F,FR,0.559,1.924,4.066,0.484
Dynorphin_short-kappa_opioid,4,AB,0.0,0.0,0.868,0.81,0.822,7Y1F,FR,0.624,1.462,4.182,0.553
Dynorphin_short-kappa_opioid,5,AB,0.0,0.0,0.867,0.808,0.82,7Y1F,FR,0.627,1.552,3.927,0.574
Dynorphin_short-kappa_opioid,1,AB,0.0,0.0,0.868,0.811,0.823,8F7W,PR,0.501,2.016,4.561,0.371
Dynorphin_short-kappa_opioid,2,AB,0.0,0.0,0.869,0.811,0.822,8F7W,PR,0.505,2.072,4.472,0.387
Dynorphin_short-kappa_opioid,3,AB,0.0,0.0,0.869,0.811,0.822,8F7W,PR,0.692,1.211,3.504,0.617
Dynorphin_short-kappa_opioid,4,AB,0.0,0.0,0.868,0.81,0.822,8F7W,PR,0.756,1.13,2.356,0.702
Dynorphin_short-kappa_opioid,5,AB,0.0,0.0,0.867,0.808,0.82,8F7W,PR,0.698,1.319,3.562,0.681
Endorphin_1-mu_opioid,1,AB,0.0,0.0,0.844,0.778,0.791,8F7R,PR,0.696,1.075,4.098,0.615
Endorphin_1-mu_opioid,2,AB,0.0,0.0,0.844,0.778,0.791,8F7R,PR,0.7,1.106,4.458,0.667
Endorphin_1-mu_opioid,3,AB,0.0,0.0,0.845,0.777,0.791,8F7R,PR,0.696,1.135,4.433,0.667
Endorphin_1-mu_opioid,4,AB,0.0,0.0,0.843,0.777,0.79,8F7R,PR,0.667,1.084,4.195,0.538
Endorphin_1-mu_opioid,5,AB,0.0,0.0,0.843,0.777,0.79,8F7R,PR,0.652,1.245,4.574,0.59
Nociceptin-NOP_receptor,1,AB,0.0,0.0,0.873,0.821,0.831,8F7X,PR,0.594,1.638,4.225,0.525
Nociceptin-NOP_receptor,2,AB,0.0,0.0,0.874,0.82,0.831,8F7X,PR,0.563,1.69,4.606,0.475
Nociceptin-NOP_receptor,3,AB,0.0,0.0,0.874,0.82,0.831,8F7X,PR,0.583,1.662,4.56,0.525
Nociceptin-NOP_receptor,4,AB,0.0,0.0,0.868,0.821,0.831,8F7X,PR,0.623,1.5,4.104,0.557
Nociceptin-NOP_receptor,5,AB,0.0,0.0,0.875,0.819,0.83,8F7X,PR,0.588,1.608,4.16,0.492
